tRNA_species,growth_rate_hr,molar_ratio,concentration_uM,source,,
Ala1B,0.4,0.65,10.25,Dong et al. 1996,,
Ala1B,0.7,0.54,11.73,Dong et al. 1996,,
Ala1B,1.07,0.46,14.06,Dong et al. 1996,,
Ala1B,1.6,0.44,17.52,Dong et al. 1996,,
Ala1B,2.5,0.40,20.97,Dong et al. 1996,,
Ala2,0.4,0.12,1.95,Dong et al. 1996,,
Ala2,0.7,0.10,2.12,Dong et al. 1996,,
Ala2,1.07,0.08,2.33,Dong et al. 1996,,
Ala2,1.6,0.08,3.19,Dong et al. 1996,,
Ala2,2.5,0.07,3.57,Dong et al. 1996,,
Arg2,0.4,0.95,15.00,Dong et al. 1996,,
Arg2,0.7,0.67,14.54,Dong et al. 1996,,
Arg2,1.07,0.50,15.54,Dong et al. 1996,,
Arg2,1.6,0.60,23.77,Dong et al. 1996,,
Arg2,2.5,0.49,25.57,Dong et al. 1996,,
Arg3,0.4,0.13,2.01,Dong et al. 1996,,
Arg3,0.7,0.12,2.61,Dong et al. 1996,,
Arg3,1.07,0.50,1.45,Dong et al. 1996,,
Arg3,1.6,0.60,2.26,Dong et al. 1996,,
Arg3,2.5,0.49,2.30,Dong et al. 1996,,
Arg4,0.4,0.17,2.74,Dong et al. 1996,,
Arg4,0.7,0.11,2.35,Dong et al. 1996,,
Arg4,1.07,0.09,2.64,Dong et al. 1996,,
Arg4,1.6,0.08,3.26,Dong et al. 1996,,
Arg4,2.5,0.07,3.52,Dong et al. 1996,,
Arg6,0.4,0.08,1.23,Dong et al. 1996,,
Arg6,0.7,0.07,1.57,Dong et al. 1996,,
Arg6,1.07,0.05,1.61,Dong et al. 1996,,
Arg6,1.6,0.06,2.46,Dong et al. 1996,,
Arg6,2.5,0.04,2.20,Dong et al. 1996,,
Asn,0.4,0.24,3.77,Dong et al. 1996,,
Asn,0.7,0.18,3.86,Dong et al. 1996,,
Asn,1.07,0.14,4.35,Dong et al. 1996,,
Asn,1.6,0.15,6.10,Dong et al. 1996,,
Asn,2.5,0.14,7.29,Dong et al. 1996,,
Asp1,0.4,0.48,7.56,Dong et al. 1996,,
Asp1,0.7,0.37,8.13,Dong et al. 1996,,
Asp1,1.07,0.27,8.42,Dong et al. 1996,,
Asp1,1.6,0.30,12.04,Dong et al. 1996,,
Asp1,2.5,0.29,15.46,Dong et al. 1996,,
Cys,0.4,0.32,5.01,Dong et al. 1996,,
Cys,0.7,0.22,4.88,Dong et al. 1996,,
Cys,1.07,0.17,5.23,Dong et al. 1996,,
Cys,1.6,0.18,7.04,Dong et al. 1996,,
Cys,2.5,0.14,7.07,Dong et al. 1996,,
Gln1,0.4,0.15,2.41,Dong et al. 1996,,
Gln1,0.7,0.12,2.72,Dong et al. 1996,,
Gln1,1.07,0.12,3.63,Dong et al. 1996,,
Gln1,1.6,0.08,3.16,Dong et al. 1996,,
Gln1,2.5,0.08,4.38,Dong et al. 1996,,
Gln2,0.4,0.18,10.96,Dong et al. 1996,,
Gln2,0.7,0.14,11.85,Dong et al. 1996,,
Gln2,1.07,0.11,13.24,Dong et al. 1996,,
Gln2,1.6,0.13,18.92,Dong et al. 1996,,
Gln2,2.5,0.12,24.74,Dong et al. 1996,,
Glu2,0.4,0.94,14.11,Dong et al. 1996,,
Glu2,0.7,0.71,14.91,Dong et al. 1996,,
Glu2,1.07,0.54,16.76,Dong et al. 1996,,
Glu2,1.6,0.61,21.32,Dong et al. 1996,,
Glu2,2.5,0.56,22.20,Dong et al. 1996,,
Gly1+2,0.4,0.43,2.97,Dong et al. 1996,,
Gly1+2,0.7,0.33,3.47,Dong et al. 1996,,
Gly1+2,1.07,0.25,4.04,Dong et al. 1996,,
Gly1+2,1.6,0.28,4.72,Dong et al. 1996,,
Gly1+2,2.5,0.21,5.93,Dong et al. 1996,,
Gly3,0.4,0.87,2.10,Dong et al. 1996,,
Gly3,0.7,0.70,2.49,Dong et al. 1996,,
Gly3,1.07,0.55,2.62,Dong et al. 1996,,
Gly3,1.6,0.50,3.19,Dong et al. 1996,,
Gly3,2.5,0.48,3.17,Dong et al. 1996,,
His,0.4,0.13,6.04,Dong et al. 1996,,
His,0.7,0.10,6.33,Dong et al. 1996,,
His,1.07,0.09,6.97,Dong et al. 1996,,
His,1.6,0.08,9.66,Dong et al. 1996,,
His,2.5,0.08,9.30,Dong et al. 1996,,
Ile1+2,0.4,0.59,3.57,Dong et al. 1996,,
Ile1+2,0.7,0.54,3.47,Dong et al. 1996,,
Ile1+2,1.07,0.43,4.07,Dong et al. 1996,,
Ile1+2,1.6,0.47,3.65,Dong et al. 1996,,
Ile1+2,2.5,0.47,3.78,Dong et al. 1996,,
Leu1,0.4,0.89,6.08,Dong et al. 1996,,
Leu1,0.7,0.68,6.80,Dong et al. 1996,,
Leu1,1.07,0.55,7.35,Dong et al. 1996,,
Leu1,1.6,0.54,8.73,Dong et al. 1996,,
Leu1,2.5,0.42,10.43,Dong et al. 1996,,
Leu2,0.4,0.19,3.82,Dong et al. 1996,,
Leu2,0.7,0.16,4.82,Dong et al. 1996,,
Leu2,1.07,0.13,6.01,Dong et al. 1996,,
Leu2,1.6,0.12,6.33,Dong et al. 1996,,
Leu2,2.5,0.11,10.22,Dong et al. 1996,,
Leu3,0.4,0.13,2.26,Dong et al. 1996,,
Leu3,0.7,0.11,2.28,Dong et al. 1996,,
Leu3,1.07,0.09,2.36,Dong et al. 1996,,
Leu3,1.6,0.08,3.38,Dong et al. 1996,,
Leu3,2.5,0.06,3.77,Dong et al. 1996,,
Leu4,0.4,0.38,2.23,Dong et al. 1996,,
Leu4,0.7,0.29,2.59,Dong et al. 1996,,
Leu4,1.07,0.23,2.91,Dong et al. 1996,,
Leu4,1.6,0.24,4.10,Dong et al. 1996,,
Leu4,2.5,0.18,4.43,Dong et al. 1996,,
Lys,0.4,0.38,3.27,Dong et al. 1996,,
Lys,0.7,0.31,3.60,Dong et al. 1996,,
Lys,1.07,0.24,4.29,Dong et al. 1996,,
Lys,1.6,0.22,4.69,Dong et al. 1996,,
Lys,2.5,0.20,5.11,Dong et al. 1996,,
Met-f1,0.4,0.24,2.84,Dong et al. 1996,,
Met-f1,0.7,0.22,2.44,Dong et al. 1996,,
Met-f1,1.07,0.19,3.51,Dong et al. 1996,,
Met-f1,1.6,0.16,2.75,Dong et al. 1996,,
Met-f1,2.5,0.19,2.67,Dong et al. 1996,,
Met-f2,0.4,0.14,2.26,Dong et al. 1996,,
Met-f2,0.7,0.10,2.2,Dong et al. 1996,,
Met-f2,1.07,0.08,2.36,Dong et al. 1996,,
Met-f2,1.6,0.09,3.38,Dong et al. 1996,,
Met-f2,2.5,0.07,3.77,Dong et al. 1996,,
Met-m,0.4,0.14,2.23,Dong et al. 1996,,
Met-m,0.7,0.12,2.89,Dong et al. 1996,,
Met-m,1.07,0.09,2.91,Dong et al. 1996,,
Met-m,1.6,0.10,4.01,Dong et al. 1996,,
Met-m,2.5,0.09,4.43,Dong et al. 1996,,
Phe,0.4,0.21,3.27,Dong et al. 1996,,
Phe,0.7,0.17,3.60,Dong et al. 1996,,
Phe,1.07,0.14,4.29,Dong et al. 1996,,
Phe,1.6,0.12,4.69,Dong et al. 1996,,
Phe,2.5,0.10,5.11,Dong et al. 1996,,
Pro1,0.4,0.18,2.84,Dong et al. 1996,,
Pro1,0.7,0.11,2.44,Dong et al. 1996,,
Pro1,1.07,0.11,3.51,Dong et al. 1996,,
Pro1,1.6,0.07,2.75,Dong et al. 1996,,
Pro1,2.5,0.05,2.67,Dong et al. 1996,,
Pro2,0.4,0.14,2.27,Dong et al. 1996,,
Pro2,0.7,0.12,2.51,Dong et al. 1996,,
Pro2,1.07,0.07,2.2,Dong et al. 1996,,
Pro2,1.6,0.10,4.01,Dong et al. 1996,,
Pro2,2.5,0.07,3.75,Dong et al. 1996,,
Pro3,0.4,0.12,1.83,Dong et al. 1996,,
Pro3,0.7,0.09,1.89,Dong et al. 1996,,
Pro3,1.07,0.07,2.22,Dong et al. 1996,,
Pro3,1.6,0.06,2.88,Dong et al. 1996,,
Pro3,2.5,0.05,2.56,Dong et al. 1996,,
Sel-Cys,0.4,0.04,0.69,Dong et al. 1996,,
Sel-Cys,0.7,0.04,0.86,Dong et al. 1996,,
Sel-Cys,1.07,0.03,0.96,Dong et al. 1996,,
Sel-Cys,1.6,0.03,1.05,Dong et al. 1996,,
Sel-Cys,2.5,0.02,1.04,Dong et al. 1996,,
Ser1,0.4,0.26,4.09,Dong et al. 1996,,
Ser1,0.7,0.25,5.56,Dong et al. 1996,,
Ser1,1.07,0.18,5.47,Dong et al. 1996,,
Ser1,1.6,0.17,6.98,Dong et al. 1996,,
Ser1,2.5,0.14,7.36,Dong et al. 1996,,
Ser2,0.4,0.07,1.09,Dong et al. 1996,,
Ser2,0.7,0.05,1.04,Dong et al. 1996,,
Ser2,1.07,0.04,1.17,Dong et al. 1996,,
Ser2,1.6,0.03,1.37,Dong et al. 1996,,
Ser2,2.5,0.03,145,Dong et al. 1996,,
Ser3,0.4,0.28,4.44,Dong et al. 1996,,
Ser3,0.7,0.20,4.39,Dong et al. 1996,,
Ser3,1.07,0.15,4.53,Dong et al. 1996,,
Ser3,1.6,0.14,5.40,Dong et al. 1996,,
Ser3,2.5,0.11,5.67,Dong et al. 1996,,
Ser5,0.4,0.15,2.41,Dong et al. 1996,,
Ser5,0.7,0.12,2.60,Dong et al. 1996,,
Ser5,1.07,0.09,2.87,Dong et al. 1996,,
Ser5,1.6,0.09,3.68,Dong et al. 1996,,
Ser5,2.5,0.08,4.09,Dong et al. 1996,,
Thr1,0.4,0.02,0.38,Dong et al. 1996,,
Thr1,0.7,0.02,0.41,Dong et al. 1996,,
Thr1,1.07,0.02,0.54,Dong et al. 1996,,
Thr1,1.6,0.01,0.56,Dong et al. 1996,,
Thr1,2.5,0.01,0.67,Dong et al. 1996,,
Thr2,0.4,0.11,1.71,Dong et al. 1996,,
Thr2,0.7,0.09,2.00,Dong et al. 1996,,
Thr2,1.07,0.07,2.11,Dong et al. 1996,,
Thr2,1.6,0.07,2.67,Dong et al. 1996,,
Thr2,2.5,0.06,3.12,Dong et al. 1996,,
Thr3,0.4,0.22,3.46,Dong et al. 1996,,
Thr3,0.7,0.17,3.73,Dong et al. 1996,,
Thr3,1.07,0.13,3.87,Dong et al. 1996,,
Thr3,1.6,0.12,4.86,Dong et al. 1996,,
Thr3,2.5,0.11,5.54,Dong et al. 1996,,
Thr4,0.4,0.18,2.89,Dong et al. 1996,,
Thr4,0.7,0.14,3.17,Dong et al. 1996,,
Thr4,1.07,0.11,3.25,Dong et al. 1996,,
Thr4,1.6,0.12,4.99,Dong et al. 1996,,
Thr4,2.5,0.13,6.89,Dong et al. 1996,,
Trp,0.4,0.19,2.98,Dong et al. 1996,,
Trp,0.7,0.13,2.78,Dong et al. 1996,,
Trp,1.07,0.11,3.35,Dong et al. 1996,,
Trp,1.6,0.10,4.15,Dong et al. 1996,,
Trp,2.5,0.10,5.02,Dong et al. 1996,,
Tyr1,0.4,0.15,2.43,Dong et al. 1996,,
Tyr1,0.7,0.11,2.41,Dong et al. 1996,,
Tyr1,1.07,0.09,2.70,Dong et al. 1996,,
Tyr1,1.6,0.12,4.67,Dong et al. 1996,,
Tyr1,2.5,0.08,4.19,Dong et al. 1996,,
Tyr2,0.4,0.25,3.98,Dong et al. 1996,,
Tyr2,0.7,0.18,3.86,Dong et al. 1996,,
Tyr2,1.07,0.12,3.75,Dong et al. 1996,,
Tyr2,1.6,0.13,5.22,Dong et al. 1996,,
Tyr2,2.5,0.10,5.04,Dong et al. 1996,,
Val1,0.4,0.77,12.12,Dong et al. 1996,,
Val1,0.7,0.44,12.07,Dong et al. 1996,,
Val1,1.07,0.36,11.07,Dong et al. 1996,,
Val1,1.6,0.48,18.99,Dong et al. 1996,,
Val1,2.5,0.39,20.39,Dong et al. 1996,,
Val2A,0.4,0.13,1.99,Dong et al. 1996,,
Val2A,0.7,0.09,2.00,Dong et al. 1996,,
Val2A,1.07,0.08,2.38,Dong et al. 1996,,
Val2A,1.6,0.07,2.70,Dong et al. 1996,,
Val2A,2.5,0.05,2.79,Dong et al. 1996,,
Val2B,0.4,0.13,2.00,Dong et al. 1996,,
Val2B,0.7,0.11,2.39,Dong et al. 1996,,
Val2B,1.07,0.09,2.64,Dong et al. 1996,,
Val2B,1.6,0.09,3.61,Dong et al. 1996,,
Val2B,2.5,0.08,4.42,Dong et al. 1996,,